YsiEKXme5hwjDT	kineticVelora
NijiABRootView	kineticNurelle
NijiBPackageProtocolView	kineticOrvessa
Vpnde94uROL16wl8I42	kineticMavrix
VJ5KwoC6gfUX9B	kineticSorentha
NijiBPackageCoordinator	kineticVirello
Wh3c0ZV6FTFqvB	kineticCalthera
NijiBPackageH5Screen	kineticSolenne
NijiBPackageCompatibility	kineticKantara
K3REgIlXHz6uy0	kineticLunora
FdQAOEQbNVql1u09	kineticPraxia
f4hpB2RQfVwzE2	kineticMeridian
kNijiBUserAgreementURL	kineticValora
kNijiBPrivacyPolicyURL	kineticCelestra
adjustAppToken	kineticNovelle
aNT8kOCU1Maq6i	kineticArdena
udCnpzk4aAcAR4aU	kineticVessaro
keycqwHIyI0gYLcHHf	kineticCorvane
akA8YZ4SX6VPZ3	kineticLumora
claerZ9bY56AXrvrDeZ	kineticTavella
keywriZUSQqq5KeGVxE7	kineticSorelia
keyreadBTo4DFyQoIc5tc	kineticMirava
keydel6BlDIAxfhZl51I	kineticPolaris
t2iJaz0L0iS1kj	kineticElowen
_BVlxYzc0lEsXni	kineticRavelle
BVlxYzc0lEsXni	kineticVeyron
_k60nZY01jAR3wUD	kineticCalista
k60nZY01jAR3wUD	kineticOrynthia
_b6SDEUq4VuocYY2	kineticMirelle
b6SDEUq4VuocYY2	kineticNivora
_I6GIcJgEWXFSFk	kineticQuorra
I6GIcJgEWXFSFk	kineticZerelle
_ydAcGrGDlhmakmjL	kineticAviora
ydAcGrGDlhmakmjL	kineticBriella
_fRUslNXXisVmIx	kineticCalyxen
fRUslNXXisVmIx	kineticDovira
_CAqfqQU9UDXl5X	kineticElyndra
CAqfqQU9UDXl5X	kineticFioren
_JV3d43Ycl3Wgtc	kineticGavelle
JV3d43Ycl3Wgtc	kineticHalora
LXkUIF4UoyqZzS	kineticIverna
igrDCZlQIOt7lC	kineticJovelle
DvzAVidiORlq46	kineticKaelora
N4bykHk3pIQezzt	kineticLaventh
lpWumEb8zhO9vm	kineticMeliora
NFZkX7stRk3vxH	kineticNorvian
EhjhuNTH0w8wfx	kineticOphira
yu3C0ZXqCa708wcv	kineticPavelle
UpNIhocEJRc5F9	kineticQuenora
Zfn46ktE1wbRmI	kineticRovelle
eMbT419rDahEOH	kineticSylvian
R6yrqWyp3l2yXy	kineticTirava
Ivxn57bkZYBILT	kineticUlvora
usl2FrUuunNln0	kineticVirelia
veUevHWV8zG0BV	kineticWyrella
SPFhrpsCSdj2bZ	kineticXavora
OQzlS4dfPvCq1IZV	kineticYsolen
vMXyNaBzVTJuBL	kineticZavelle
AfAYb2hftpjB2F	kineticAerion
AreSrGYajPLNsG	kineticBorella
gbHrE8EHxAnmIo	kineticCyrenia
GCE0h3aNqwD9AA	kineticDamaris
zXZ3D1I0Aa82fK	kineticElarion
yb8HnT6JTeNw8yRg	kineticFendora
mQtAq9Gw8T4jKU	kineticGlyvera
f9uhidmOI8u5h8B	kineticHavora
goSsNABChZvyn4	kineticIlyssan
b8diDPhQjgNvXl4	kineticJunora
eiqVsvLFD8qPxP	kineticKirella
mEzIlZC6tnPwy8	kineticLioren
ZGQlyW3fT7gB8V	kineticMyrial
dprYvTyFQsPeew	kineticNerova
Rs4Z8TA4lxidkXz	kineticOralyn
LAxcyZeA5a4feP	kineticPirella
toutwBYJu6zff3LbqR	kineticQadira
A4PqIvbpAJUNe3	kineticRhelia
reqauORViRocw08bgfE	kineticSerava
reqloceDrbDKVZgpSl6J	kineticTalorin
w0baBbKK6sxI65G	kineticUlenda
VUGgoePa2P8gfhah	kineticVaressa
Ct7OovTRuM41pUI1	kineticWynora
vvufz0Sfp4rbQ8	kineticXerava
rofN9JU99wXiIB	kineticYalora
bUo57NugQ5nvaD	kineticZirella
H73iEFJre5IP7wgW	rhythmicAurelia
erpvu4RP28SfkQDT	rhythmicVelora
Gt6ncANnGRlZtjA	rhythmicNurelle
ivkL3M7l32urK7	rhythmicOrvessa
VUn0XBhENk6mtr	rhythmicMavrix
JDitS5ZGU5yHcR	rhythmicSorentha
ecpPdqEtlFRC0C	rhythmicVirello
FUh9O1jllOkulk	rhythmicCalthera
dIbanmZxNpUWc6	rhythmicSolenne
yVazSadkHp7KKR	rhythmicKantara
VPG68YRdjl0OAq	rhythmicLunora
H0cUhFRRxYrQ03z	rhythmicPraxia
rQlQWgC0e2GAnh	rhythmicMeridian
QihvjF2L7in8j4	rhythmicValora
ahMRV3vE4HQszM	rhythmicCelestra
gzMbtJZhGgrzjm	rhythmicNovelle
ustrZqswXCeW3EDu9Y	rhythmicArdena
Fr8d7tSVMYWA7qat	rhythmicVessaro
j9EDW20nw0OTU0b	rhythmicCorvane
B3gKSetFbaPey8	rhythmicLumora
rCzDiq21nNQHOx	rhythmicTavella
ukeyZehWrChvbs	rhythmicSorelia
woTMsb0MdFuR91	rhythmicMirava
showtoastpi1ifnHKaPPkAN	rhythmicPolaris
NTPvrIaw5JyQmE	rhythmicElowen
w4Zzh91pR53LcQu	rhythmicRavelle
DAUHmH0sSNZ4c4	rhythmicVeyron
whSFsxHx8jQ1jH	rhythmicCalista
FOQGY3RZStvShj	rhythmicOrynthia
opeaset2k0tW1WAgVs5Sm	rhythmicMirelle
MUdjEalhW8pZIt	rhythmicNivora
gGwRvrxY8X5zjw	rhythmicQuorra
senaNukPj32GMfk2JJ	rhythmicZerelle
z71j31c7hKj2mhLB	rhythmicAviora
winsceXKPL4HBiOv73my	rhythmicBriella
winderfZ6ZoT1NbPoI	rhythmicCalyxen
pHFHH3GhG0RqiG	rhythmicDovira
topviewygfeQ1roFj9nno	rhythmicElyndra
pGkXEekUtV29p1	rhythmicFioren
qgVnZRfnWn4JRP	rhythmicGavelle
I2cyyKO9McK3AI	rhythmicHalora
ENKOPXhsg5hxd0	rhythmicIverna
WWGIHbPmnwRheh	rhythmicJovelle
JikPORXheKrH4u	rhythmicKaelora
LUjSIgJiZyzgM9	rhythmicLaventh
qTQbeXN3JT877H	rhythmicMeliora
ByCrVFhAqRcVoo	rhythmicNorvian
o5zCYXU95MeRITG	rhythmicOphira
rqGLbBnaSScpKX	rhythmicPavelle
BkuC8xHVBDt9CY	rhythmicQuenora
idx4qfsALSo0Pvjec	rhythmicRovelle
n7823erVJ3tyAYgbc	rhythmicSylvian
h1titZV13iVmjVPQp	rhythmicTirava
b0OqBsPH9MX5RZR	rhythmicUlvora
a8LLJ46RWi7DmR	rhythmicVirelia
KyJhS8NrAHjDAd	rhythmicWyrella
Wr9EB21tS8J7dN	rhythmicXavora
hBmobLps65uag4	rhythmicYsolen
XZUaZdtBbeI0vS	rhythmicZavelle
XYhk0aNlC17xMa	rhythmicAerion
VBEre8FzLql5X2	rhythmicBorella
v6d9B4gHdYFtqO	rhythmicCyrenia
EBxMvNO0o7Qgi0	rhythmicDamaris
o3ZsCSr9Z4pMu5	rhythmicElarion
qQdXx8yNc013Z0	rhythmicFendora
itv1KcCfO9eS9R	rhythmicGlyvera
FeNE3qcNLzvq1i	rhythmicHavora
dtkksYdy39rtFs	rhythmicIlyssan
ExwuVWlKNdkbyE	rhythmicJunora
hBU0sxAD3VIOj5	rhythmicKirella
rt5jkPSvq7ug0MCL	rhythmicLioren
GOO5b8Zo37pXxy	rhythmicMyrial
NpnRjMO61gUvNR	rhythmicNerova
nT7td7BKkV1QWl	rhythmicOralyn
rFn0Os7jDvcK95	rhythmicPirella
OD2j8EwV8wOM2v	rhythmicQadira
f4mOSMOgh8AlZcV	rhythmicRhelia
TgQHmr6Ua4JOz5	rhythmicSerava
do9KU9rdHWeFqu	rhythmicTalorin
hhdrIofcWWqoyt	rhythmicUlenda
R38GFwhmpwCMBShed	rhythmicVaressa
bACoYYtbDD1LzG	rhythmicWynora
rgIFNlWmZhO7Jx	rhythmicXerava
RPUKEcqOluSQhX	rhythmicYalora
MwuzEZYclCjSnQ	rhythmicZirella
kxwV4ji0r1iQWdll	cadenceAurelia
KdSaCXP8pXiUxh	cadenceVelora
XIc2tuuMzro1hC	cadenceNurelle
ickkRy0FS5SwQL	cadenceOrvessa
K7wxdPY9DIXyRFMp	cadenceMavrix
xpzS2aqzsINrOkxV	cadenceSorentha
Kqhm1o7e1u4mJRiC	cadenceVirello
jZfYGDA1kTR6Gb	cadenceCalthera
eZuwLQj5u0bgdJadid	cadenceSolenne
h5D9btDXoMEPzkZ	cadenceKantara
PLIF0GgAkQvv3s	cadenceLunora
d4vJWUFBtYIJvPxWy	cadencePraxia
oDL7ZNVrgYdDXU	cadenceMeridian
Q4PbJbAWjOG91j	cadenceValora
aPBXHaqBtqyVag	cadenceCelestra
vpnSOGqMknQZRApNB	cadenceNovelle
c1Yj3hpTpUm78D3	cadenceArdena
AMLxZRUYrd7xbT	cadenceVessaro
cPRwqNr1GyTIYD	cadenceCorvane
KyRUr53p9vSCt7	cadenceLumora
WYb9L5dUGnKtDk	cadenceTavella
CajGXHcjKR0TVX	cadenceSorelia
D1T6cyxmX4SeSx	cadenceMirava
g2bpIbEe35yVd2k	cadencePolaris
wR0zr4qv6qZIg8	cadenceElowen
qxwF8SmvyGgtlN	cadenceRavelle
swk89MmAgXRT7vmn	cadenceVeyron
JBH3YV3I90exoz	cadenceCalista
TdJ4fkzp0Kcl4F	cadenceOrynthia
O6lIwOuIqALkBr	cadenceMirelle
os3J0Nk7VsDobKTc	cadenceNivora
P1WlRRWGZBxFKZ	cadenceQuorra
siVaRQIcHZi1h1lH7u	cadenceZerelle
AdjstReptZyn1Ck0ptorTch	cadenceAviora
adId2yac1EgAn6H7zs	cadenceBriella
devidFVrGVzpsll01yC	cadenceCalyxen
ajresU4IAqqYb4r8XyN	cadenceDovira
aG0wwyoD0ciitn	cadenceElyndra
attrbuBKKLXl8KBIcHBh	cadenceFioren
attrc7cwBX3M5SL06C	cadenceGavelle
TtGPPSMBKQKhyF	cadenceHalora
vpnStatus	cadenceIverna
NijiBPackageProtocolRoute	cadenceJovelle
userAgreement	cadenceKaelora
privacyPolicy	cadenceLaventh
NijiBProtocolWebView	cadenceMeliora
NijiBPackageGateView	cadenceNorvian
NijiBPackageBootstrapView	cadenceOphira
NijiBPackageBrandBlock	cadencePavelle
NijiBPackagePulseBars	cadenceQuenora
NijiBPackageButtonLoader	cadenceRovelle
NijiBPackageLoadingBadge	cadenceSylvian
NijiBPackageLoadingPanel	cadenceTirava
Phase	cadenceUlvora
checking	cadenceVirelia
aPackage	cadenceWyrella
bLogin	cadenceXavora
bWeb	cadenceYsolen
submitBLogin	cadenceZavelle
showBWeb	cadenceAerion
closeBWeb	cadenceBorella
prepareDeviceContext	cadenceCyrenia
requestBLoginWithWarmupRetry	cadenceDamaris
isUsableBLoginResponse	cadenceElarion
loadingFailureCount	cadenceFendora
latestResponse	cadenceGlyvera
protocolPath	cadenceHavora
isSubmitting	cadenceIlyssan
agreeLegal	cadenceJunora
logoSize	cadenceKirella
titleSize	cadenceLioren
naventhFittinglog	cadenceMyrial
mappedName	cadenceNerova
Style	cadenceOralyn
isAnimating	cadencePirella
trimEnd	cadenceQadira
activeScale	cadenceRhelia
idleScale	cadenceSerava
activeOpacity	cadenceTalorin
barWidth	cadenceUlenda
barHeight	cadenceVaressa
NijiBWebViewBridge	cadenceWynora
NijiBPackageWebView	cadenceXerava
NijiBPackageH5LoadingOverlay	cadenceYalora
stableBPackageH5Url	cadenceZirella
isPaying	axialAurelia
isLoading	axialVelora
dispatchNativeOpenState	axialNurelle
dispatchNativePayState	axialOrvessa
jsStringLiteral	axialMavrix
makeWpymRM0gTasmCqUrl	axialSorentha
onRecharge	axialVirello
onOpenBrowser	axialCalthera
onInitialPageLoadingChange	axialSolenne
lastLoadedH5UrlString	axialKantara
loadingStartTime	axialLunora
initialDocNavPendingCount	axialPraxia
initialDocumentLoadFinished	axialMeridian
resetInitialDocumentLoadTracking	axialValora
finishInitialDocumentLoadIfNeeded	axialCelestra
allowedWebSchemes	axialNovelle
viewportFitScript	axialArdena
encryptedOpenParams	axialVessaro
baseURL	axialCorvane
Coordinator	axialLumora
qrenthavoliaMuxiron	axialTavella
adjustPurchaseEventToken	axialSorelia
bPackagePurchase	axialMirava
lavqoraThreadfray	axialPolaris
